"TargetModule","Coverage"
"triangle","1.0"
"triangle","1.0"
"triangle","1.0"
"triangle","1.0"
"triangle","1.0"
"triangle","1.0"
"triangle","1.0"
"fib","1.0"
"triangle","1.0"
"fib","1.0"
"triangle","1.0"
"fib","1.0"
"triangle","1.0"
"fib","1.0"
"triangle","1.0"
"fib","1.0"
"triangle","1.0"
"fib","1.0"
"triangle","1.0"
"fib","1.0"
"triangle","1.0"
"fib","1.0"
"triangle","1.0"
"fib","1.0"
"triangle","1.0"
"fib","1.0"
"triangle","1.0"
"fib","1.0"
"triangle","1.0"
"fib","1.0"
"triangle","1.0"
"fib","1.0"
"triangle","1.0"
"fib","1.0"
"triangle","1.0"
"fib","1.0"
"triangle","1.0"
"fib","1.0"
"sty.lib","1.0"
"sty.lib","1.0"
"sty.lib","1.0"
"sty.lib","1.0"
"sty.lib","1.0"
"sty.primitive","1.0"
"sty.register","1.0"
"sty.renderfunc","1.0"
"sty.rendertype","1.0"
"fib","1.0"
"apimd.apimd.compiler","0.5217391304347826"
"basic.fib","1.0"
"basic.triangle","1.0"
"codetiming_local.codetiming._timer","1.0"
"sty.renderfunc","1.0"
"sty.rendertype","1.0"
"sty.renderfunc","1.0"
"sty.rendertype","1.0"
"sty.renderfunc","1.0"
"sty.rendertype","1.0"
"sty.renderfunc","1.0"
"sty.rendertype","1.0"
"sty.renderfunc","1.0"
"sty.rendertype","1.0"
"sty.renderfunc","1.0"
"sty.rendertype","1.0"
